<?xml version="1.0" encoding="UTF-8"?>
<!DOCTYPE hibernate-configuration PUBLIC  
        "-//Hibernate/Hibernate Configuration DTD 5.3//EN"  
        "http://www.hibernate.org/dtd/hibernate-configuration-3.0.dtd">  
<hibernate-configuration>  
    <session-factory>  
            
    <property name="hbm2ddl.auto">create</property>    
        <property name="dialect">org.hibernate.dialect.OracleDialect</property>    
        <property name="connection.url">jdbc:oracle:thin:@localhost:1521:xe</property>    
        <property name="connection.username">system</property>    
        <property name="connection.password">admin</property>    
        <property name="connection.driver_class">oracle.jdbc.driver.OracleDriver</property>   
       <!-- Enable Hibernate's automatic session context management -->
    <property name="current_session_context_class">thread</property>

    <!-- Disable the second-level cache  -->
    <property name="cache.provider_class">org.hibernate.cache.internal.NoCacheProvider</property>
 <!-- JDBC connection pool (use the built-in) -->
    <property name="connection.pool_size">1</property>

    <!-- Echo all executed SQL to stdout -->
    <property name="show_sql">true</property>
        <mapping class="com.stratapps.HibernatePractice1.Employee"/>  
    </session-factory>  
</hibernate-configuration>  